Rank,Type,URL,Label
1,Core page,https://verdetalent.com/,Homepage
2,Core page,https://verdetalent.com/jobs.html,Job Search
3,Core page,https://verdetalent.com/browse.html,Browse by Location (index)
4,Core page,https://verdetalent.com/companies.html,Companies Directory
5,Core page,https://verdetalent.com/resume-vault.html,Resume Vault (employer product)
6,Core page,https://verdetalent.com/intelligence.html,Intelligence (employer product)
7,Core page,https://verdetalent.com/news.html,News
8,Core page,https://verdetalent.com/professional-development.html,Training
9,Core page,https://verdetalent.com/about.html,About
10,Core page,https://verdetalent.com/create-profile.html,Create Candidate Profile
11,Hub page (sector+state),https://verdetalent.com/browse/solar-jobs-in-california.html,California - 163 jobs
12,Hub page (sector+state),https://verdetalent.com/browse/hydrogen-jobs-in-california.html,California - 121 jobs
13,Hub page (sector+state),https://verdetalent.com/browse/solar-jobs-in-ohio.html,Ohio - 102 jobs
14,Hub page (sector+state),https://verdetalent.com/browse/battery-storage-jobs-in-nevada.html,Nevada - 96 jobs
15,Hub page (sector+state),https://verdetalent.com/browse/grid-jobs-in-massachusetts.html,Massachusetts - 81 jobs
16,Hub page (sector+state),https://verdetalent.com/browse/wind-jobs-in-delaware.html,Delaware - 60 jobs
17,Hub page (sector+state),https://verdetalent.com/browse/solar-jobs-in-alabama.html,Alabama - 53 jobs
18,Hub page (sector+state),https://verdetalent.com/browse/wind-jobs-in-texas.html,Texas - 49 jobs
19,Hub page (sector+state),https://verdetalent.com/browse/solar-jobs-in-louisiana.html,Louisiana - 48 jobs
20,Hub page (sector+state),https://verdetalent.com/browse/hydrogen-jobs-in-delaware.html,Delaware - 46 jobs
21,Hub page (sector+state),https://verdetalent.com/browse/solar-jobs-in-texas.html,Texas - 46 jobs
22,Hub page (sector+state),https://verdetalent.com/browse/solar-jobs-in-illinois.html,Illinois - 44 jobs
23,Hub page (sector+state),https://verdetalent.com/browse/solar-jobs-in-south-carolina.html,South Carolina - 33 jobs
24,Hub page (sector+state),https://verdetalent.com/browse/grid-jobs-in-connecticut.html,Connecticut - 30 jobs
25,Hub page (sector+state),https://verdetalent.com/browse/battery-storage-jobs-in-texas.html,Texas - 23 jobs
26,Hub page (sector+state),https://verdetalent.com/browse/solar-jobs-in-massachusetts.html,Massachusetts - 20 jobs
27,Hub page (sector+state),https://verdetalent.com/browse/solar-jobs-in-hawaii.html,Hawaii - 19 jobs
28,Hub page (sector+state),https://verdetalent.com/browse/wind-jobs-in-colorado.html,Colorado - 19 jobs
29,Hub page (sector+state),https://verdetalent.com/browse/wind-jobs-in-indiana.html,Indiana - 19 jobs
30,Hub page (sector+state),https://verdetalent.com/browse/grid-jobs-in-indiana.html,Indiana - 15 jobs
31,Hub page (sector+state),https://verdetalent.com/browse/solar-jobs-in-arizona.html,Arizona - 14 jobs
32,Hub page (sector+state),https://verdetalent.com/browse/wind-jobs-in-iowa.html,Iowa - 14 jobs
33,Hub page (sector+state),https://verdetalent.com/browse/ev-jobs-in-california.html,California - 13 jobs
34,Hub page (sector+state),https://verdetalent.com/browse/grid-jobs-in-new-york.html,New York - 12 jobs
35,Hub page (sector+state),https://verdetalent.com/browse/solar-jobs-in-new-jersey.html,New Jersey - 12 jobs
36,Hub page (sector+state),https://verdetalent.com/browse/battery-storage-jobs-in-virginia.html,Virginia - 12 jobs
37,Hub page (sector+state),https://verdetalent.com/browse/solar-jobs-in-nevada.html,Nevada - 11 jobs
38,Hub page (sector+state),https://verdetalent.com/browse/solar-jobs-in-new-york.html,New York - 11 jobs
39,Hub page (sector+state),https://verdetalent.com/browse/sustainability-jobs-in-texas.html,Texas - 10 jobs
40,Hub page (sector+state),https://verdetalent.com/browse/grid-jobs-in-california.html,California - 9 jobs
41,Hub page (sector+state),https://verdetalent.com/browse/grid-jobs-in-colorado.html,Colorado - 9 jobs
42,Hub page (sector+state),https://verdetalent.com/browse/solar-jobs-in-florida.html,Florida - 9 jobs
43,Hub page (sector+state),https://verdetalent.com/browse/wind-jobs-in-wyoming.html,Wyoming - 9 jobs
44,Hub page (sector+state),https://verdetalent.com/browse/ev-jobs-in-indiana.html,Indiana - 7 jobs
45,Hub page (sector+state),https://verdetalent.com/browse/grid-jobs-in-minnesota.html,Minnesota - 7 jobs
46,Hub page (sector+state),https://verdetalent.com/browse/grid-jobs-in-new-hampshire.html,New Hampshire - 7 jobs
47,Hub page (sector+state),https://verdetalent.com/browse/grid-jobs-in-north-carolina.html,North Carolina - 7 jobs
48,Hub page (sector+state),https://verdetalent.com/browse/battery-storage-jobs-in-south-carolina.html,South Carolina - 7 jobs
49,Hub page (sector+state),https://verdetalent.com/browse/wind-jobs-in-illinois.html,Illinois - 7 jobs
50,Hub page (sector+state),https://verdetalent.com/browse/wind-jobs-in-oklahoma.html,Oklahoma - 7 jobs
51,Hub page (sector+state),https://verdetalent.com/browse/wind-jobs-in-oregon.html,Oregon - 7 jobs
52,Hub page (sector+state),https://verdetalent.com/browse/solar-jobs-in-maryland.html,Maryland - 6 jobs
53,Hub page (sector+state),https://verdetalent.com/browse/battery-storage-jobs-in-georgia.html,Georgia - 6 jobs
54,Hub page (sector+state),https://verdetalent.com/browse/wind-jobs-in-new-mexico.html,New Mexico - 6 jobs
55,Hub page (sector+state),https://verdetalent.com/browse/grid-jobs-in-illinois.html,Illinois - 5 jobs
56,Hub page (sector+state),https://verdetalent.com/browse/grid-jobs-in-maine.html,Maine - 5 jobs
57,Hub page (sector+state),https://verdetalent.com/browse/grid-jobs-in-texas.html,Texas - 5 jobs
58,Hub page (sector+state),https://verdetalent.com/browse/solar-jobs-in-connecticut.html,Connecticut - 5 jobs
59,Hub page (sector+state),https://verdetalent.com/browse/sustainability-jobs-in-utah.html,Utah - 5 jobs
60,Hub page (sector+state),https://verdetalent.com/browse/wind-jobs-in-california.html,California - 5 jobs
61,Hub page (sector+state),https://verdetalent.com/browse/solar-jobs-in-colorado.html,Colorado - 4 jobs
62,Hub page (sector+state),https://verdetalent.com/browse/solar-jobs-in-utah.html,Utah - 4 jobs
63,Hub page (sector+state),https://verdetalent.com/browse/battery-storage-jobs-in-florida.html,Florida - 4 jobs
64,Hub page (sector+state),https://verdetalent.com/browse/wind-jobs-in-arizona.html,Arizona - 4 jobs
65,Hub page (sector+state),https://verdetalent.com/browse/wind-jobs-in-missouri.html,Missouri - 4 jobs
66,Hub page (sector+state),https://verdetalent.com/browse/wind-jobs-in-north-dakota.html,North Dakota - 4 jobs
67,Hub page (sector+state),https://verdetalent.com/browse/wind-jobs-in-pennsylvania.html,Pennsylvania - 4 jobs
68,Hub page (sector+state),https://verdetalent.com/browse/grid-jobs-in-florida.html,Florida - 3 jobs
69,Hub page (sector+state),https://verdetalent.com/browse/grid-jobs-in-ohio.html,Ohio - 3 jobs
70,Hub page (sector+state),https://verdetalent.com/browse/policy-jobs-in-minnesota.html,Minnesota - 3 jobs
71,Hub page (sector+state),https://verdetalent.com/browse/solar-jobs-in-virginia.html,Virginia - 3 jobs
72,Hub page (sector+state),https://verdetalent.com/browse/battery-storage-jobs-in-illinois.html,Illinois - 3 jobs
73,Hub page (sector+state),https://verdetalent.com/browse/wind-jobs-in-florida.html,Florida - 3 jobs
74,Hub page (sector+state),https://verdetalent.com/browse/wind-jobs-in-kansas.html,Kansas - 3 jobs
75,Hub page (sector+state),https://verdetalent.com/browse/wind-jobs-in-minnesota.html,Minnesota - 3 jobs
76,Hub page (sector+state),https://verdetalent.com/browse/wind-jobs-in-montana.html,Montana - 3 jobs
77,Hub page (sector+state),https://verdetalent.com/browse/wind-jobs-in-washington.html,Washington - 3 jobs
78,Hub page (sector+category+state),https://verdetalent.com/browse/solar-engineering-jobs-in-ohio.html,Engineering in Ohio - 52 jobs
79,Hub page (sector+category+state),https://verdetalent.com/browse/solar-sales-jobs-in-california.html,Sales in California - 49 jobs
80,Hub page (sector+category+state),https://verdetalent.com/browse/hydrogen-engineering-jobs-in-california.html,Engineering in California - 43 jobs
81,Hub page (sector+category+state),https://verdetalent.com/browse/wind-construction-field-jobs-in-texas.html,Construction & Field in Texas - 35 jobs
82,Hub page (sector+category+state),https://verdetalent.com/browse/grid-engineering-jobs-in-massachusetts.html,Engineering in Massachusetts - 34 jobs
83,Hub page (sector+category+state),https://verdetalent.com/browse/wind-construction-field-jobs-in-delaware.html,Construction & Field in Delaware - 34 jobs
84,Hub page (sector+category+state),https://verdetalent.com/browse/solar-construction-field-jobs-in-california.html,Construction & Field in California - 28 jobs
85,Hub page (sector+category+state),https://verdetalent.com/browse/solar-construction-field-jobs-in-louisiana.html,Construction & Field in Louisiana - 28 jobs
86,Hub page (sector+category+state),https://verdetalent.com/browse/solar-construction-field-jobs-in-ohio.html,Construction & Field in Ohio - 28 jobs
87,Hub page (sector+category+state),https://verdetalent.com/browse/battery-storage-engineering-jobs-in-nevada.html,Engineering in Nevada - 28 jobs
88,Hub page (sector+category+state),https://verdetalent.com/browse/solar-construction-field-jobs-in-alabama.html,Construction & Field in Alabama - 25 jobs
89,Hub page (sector+category+state),https://verdetalent.com/browse/battery-storage-construction-field-jobs-in-nevada.html,Construction & Field in Nevada - 22 jobs
90,Hub page (sector+category+state),https://verdetalent.com/browse/grid-engineering-jobs-in-connecticut.html,Engineering in Connecticut - 18 jobs
91,Hub page (sector+category+state),https://verdetalent.com/browse/solar-construction-field-jobs-in-texas.html,Construction & Field in Texas - 17 jobs
92,Hub page (sector+category+state),https://verdetalent.com/browse/solar-sales-jobs-in-texas.html,Sales in Texas - 16 jobs
93,Hub page (sector+category+state),https://verdetalent.com/browse/hydrogen-construction-field-jobs-in-california.html,Construction & Field in California - 14 jobs
94,Hub page (sector+category+state),https://verdetalent.com/browse/solar-engineering-jobs-in-alabama.html,Engineering in Alabama - 14 jobs
95,Hub page (sector+category+state),https://verdetalent.com/browse/solar-sales-jobs-in-illinois.html,Sales in Illinois - 13 jobs
96,Hub page (sector+category+state),https://verdetalent.com/browse/wind-construction-field-jobs-in-iowa.html,Construction & Field in Iowa - 13 jobs
97,Hub page (sector+category+state),https://verdetalent.com/browse/solar-engineering-jobs-in-south-carolina.html,Engineering in South Carolina - 11 jobs
98,Hub page (sector+category+state),https://verdetalent.com/browse/solar-construction-field-jobs-in-hawaii.html,Construction & Field in Hawaii - 10 jobs
99,Hub page (sector+category+state),https://verdetalent.com/browse/battery-storage-operations-jobs-in-nevada.html,Operations in Nevada - 10 jobs
100,Hub page (sector+category+state),https://verdetalent.com/browse/solar-sales-jobs-in-massachusetts.html,Sales in Massachusetts - 9 jobs
101,Hub page (sector+category+state),https://verdetalent.com/browse/solar-construction-field-jobs-in-south-carolina.html,Construction & Field in South Carolina - 8 jobs
102,Hub page (sector+category+state),https://verdetalent.com/browse/battery-storage-engineering-jobs-in-texas.html,Engineering in Texas - 8 jobs
103,Hub page (sector+category+state),https://verdetalent.com/browse/wind-construction-field-jobs-in-wyoming.html,Construction & Field in Wyoming - 8 jobs
104,Hub page (sector+category+state),https://verdetalent.com/browse/ev-engineering-jobs-in-indiana.html,Engineering in Indiana - 7 jobs
105,Hub page (sector+category+state),https://verdetalent.com/browse/grid-construction-field-jobs-in-massachusetts.html,Construction & Field in Massachusetts - 7 jobs
106,Hub page (sector+category+state),https://verdetalent.com/browse/grid-engineering-jobs-in-colorado.html,Engineering in Colorado - 7 jobs
107,Hub page (sector+category+state),https://verdetalent.com/browse/grid-engineering-jobs-in-new-york.html,Engineering in New York - 7 jobs
108,Hub page (sector+category+state),https://verdetalent.com/browse/hydrogen-sales-jobs-in-california.html,Sales in California - 7 jobs
109,Hub page (sector+category+state),https://verdetalent.com/browse/solar-sales-jobs-in-new-york.html,Sales in New York - 7 jobs
110,Hub page (sector+category+state),https://verdetalent.com/browse/wind-construction-field-jobs-in-illinois.html,Construction & Field in Illinois - 7 jobs
111,Hub page (sector+category+state),https://verdetalent.com/browse/wind-engineering-jobs-in-indiana.html,Engineering in Indiana - 7 jobs
112,Hub page (sector+category+state),https://verdetalent.com/browse/ev-engineering-jobs-in-california.html,Engineering in California - 6 jobs
113,Hub page (sector+category+state),https://verdetalent.com/browse/grid-engineering-jobs-in-california.html,Engineering in California - 6 jobs
114,Hub page (sector+category+state),https://verdetalent.com/browse/grid-engineering-jobs-in-new-hampshire.html,Engineering in New Hampshire - 6 jobs
115,Hub page (sector+category+state),https://verdetalent.com/browse/grid-operations-jobs-in-massachusetts.html,Operations in Massachusetts - 6 jobs
116,Hub page (sector+category+state),https://verdetalent.com/browse/grid-project-program-management-jobs-in-massachusetts.html,Project & Program Management in Massachusetts - 6 jobs
117,Hub page (sector+category+state),https://verdetalent.com/browse/hydrogen-construction-field-jobs-in-delaware.html,Construction & Field in Delaware - 6 jobs
118,Hub page (sector+category+state),https://verdetalent.com/browse/hydrogen-project-program-management-jobs-in-california.html,Project & Program Management in California - 6 jobs
119,Hub page (sector+category+state),https://verdetalent.com/browse/solar-construction-field-jobs-in-illinois.html,Construction & Field in Illinois - 6 jobs
120,Hub page (sector+category+state),https://verdetalent.com/browse/solar-construction-field-jobs-in-nevada.html,Construction & Field in Nevada - 6 jobs
121,Hub page (sector+category+state),https://verdetalent.com/browse/solar-engineering-jobs-in-california.html,Engineering in California - 6 jobs
122,Hub page (sector+category+state),https://verdetalent.com/browse/solar-engineering-jobs-in-florida.html,Engineering in Florida - 6 jobs
123,Hub page (sector+category+state),https://verdetalent.com/browse/wind-construction-field-jobs-in-colorado.html,Construction & Field in Colorado - 6 jobs
124,Hub page (sector+category+state),https://verdetalent.com/browse/wind-construction-field-jobs-in-oklahoma.html,Construction & Field in Oklahoma - 6 jobs
125,Hub page (sector+category+state),https://verdetalent.com/browse/wind-sales-jobs-in-delaware.html,Sales in Delaware - 6 jobs
126,Hub page (sector+category+state),https://verdetalent.com/browse/grid-engineering-jobs-in-indiana.html,Engineering in Indiana - 5 jobs
127,Hub page (sector+category+state),https://verdetalent.com/browse/grid-operations-jobs-in-indiana.html,Operations in Indiana - 5 jobs
128,Hub page (sector+category+state),https://verdetalent.com/browse/hydrogen-engineering-jobs-in-delaware.html,Engineering in Delaware - 5 jobs
129,Hub page (sector+category+state),https://verdetalent.com/browse/solar-construction-field-jobs-in-new-jersey.html,Construction & Field in New Jersey - 5 jobs
130,Hub page (sector+category+state),https://verdetalent.com/browse/solar-engineering-jobs-in-louisiana.html,Engineering in Louisiana - 5 jobs
131,Hub page (sector+category+state),https://verdetalent.com/browse/grid-engineering-jobs-in-illinois.html,Engineering in Illinois - 4 jobs
132,Hub page (sector+category+state),https://verdetalent.com/browse/grid-engineering-jobs-in-minnesota.html,Engineering in Minnesota - 4 jobs
133,Hub page (sector+category+state),https://verdetalent.com/browse/grid-engineering-jobs-in-texas.html,Engineering in Texas - 4 jobs
134,Hub page (sector+category+state),https://verdetalent.com/browse/grid-legal-jobs-in-massachusetts.html,Legal in Massachusetts - 4 jobs
135,Hub page (sector+category+state),https://verdetalent.com/browse/grid-operations-jobs-in-new-york.html,Operations in New York - 4 jobs
136,Hub page (sector+category+state),https://verdetalent.com/browse/hydrogen-operations-jobs-in-california.html,Operations in California - 4 jobs
137,Hub page (sector+category+state),https://verdetalent.com/browse/hydrogen-supply-chain-procurement-jobs-in-delaware.html,Supply Chain & Procurement in Delaware - 4 jobs
138,Hub page (sector+category+state),https://verdetalent.com/browse/solar-construction-field-jobs-in-maryland.html,Construction & Field in Maryland - 4 jobs
139,Hub page (sector+category+state),https://verdetalent.com/browse/solar-construction-field-jobs-in-massachusetts.html,Construction & Field in Massachusetts - 4 jobs
140,Hub page (sector+category+state),https://verdetalent.com/browse/solar-finance-accounting-jobs-in-arizona.html,Finance & Accounting in Arizona - 4 jobs
141,Hub page (sector+category+state),https://verdetalent.com/browse/solar-sales-jobs-in-nevada.html,Sales in Nevada - 4 jobs
142,Hub page (sector+category+state),https://verdetalent.com/browse/solar-sales-jobs-in-new-jersey.html,Sales in New Jersey - 4 jobs
143,Hub page (sector+category+state),https://verdetalent.com/browse/battery-storage-project-program-management-jobs-in-nevada.html,Project & Program Management in Nevada - 4 jobs
144,Hub page (sector+category+state),https://verdetalent.com/browse/sustainability-engineering-jobs-in-texas.html,Engineering in Texas - 4 jobs
145,Hub page (sector+category+state),https://verdetalent.com/browse/wind-construction-field-jobs-in-missouri.html,Construction & Field in Missouri - 4 jobs
146,Hub page (sector+category+state),https://verdetalent.com/browse/wind-construction-field-jobs-in-new-mexico.html,Construction & Field in New Mexico - 4 jobs
147,Hub page (sector+category+state),https://verdetalent.com/browse/wind-construction-field-jobs-in-north-dakota.html,Construction & Field in North Dakota - 4 jobs
148,Hub page (sector+category+state),https://verdetalent.com/browse/grid-engineering-jobs-in-north-carolina.html,Engineering in North Carolina - 3 jobs
149,Hub page (sector+category+state),https://verdetalent.com/browse/grid-operations-jobs-in-connecticut.html,Operations in Connecticut - 3 jobs
150,Hub page (sector+category+state),https://verdetalent.com/browse/grid-supply-chain-procurement-jobs-in-massachusetts.html,Supply Chain & Procurement in Massachusetts - 3 jobs
151,Hub page (sector+category+state),https://verdetalent.com/browse/hydrogen-finance-accounting-jobs-in-california.html,Finance & Accounting in California - 3 jobs
152,Hub page (sector+category+state),https://verdetalent.com/browse/hydrogen-hr-talent-jobs-in-california.html,HR & Talent in California - 3 jobs
153,Hub page (sector+category+state),https://verdetalent.com/browse/hydrogen-legal-jobs-in-california.html,Legal in California - 3 jobs
154,Hub page (sector+category+state),https://verdetalent.com/browse/solar-construction-field-jobs-in-arizona.html,Construction & Field in Arizona - 3 jobs
155,Hub page (sector+category+state),https://verdetalent.com/browse/solar-construction-field-jobs-in-colorado.html,Construction & Field in Colorado - 3 jobs
156,Hub page (sector+category+state),https://verdetalent.com/browse/solar-construction-field-jobs-in-virginia.html,Construction & Field in Virginia - 3 jobs
157,Hub page (sector+category+state),https://verdetalent.com/browse/solar-operations-jobs-in-louisiana.html,Operations in Louisiana - 3 jobs
158,Hub page (sector+category+state),https://verdetalent.com/browse/solar-sales-jobs-in-connecticut.html,Sales in Connecticut - 3 jobs
159,Hub page (sector+category+state),https://verdetalent.com/browse/battery-storage-engineering-jobs-in-florida.html,Engineering in Florida - 3 jobs
160,Hub page (sector+category+state),https://verdetalent.com/browse/battery-storage-engineering-jobs-in-illinois.html,Engineering in Illinois - 3 jobs
161,Hub page (sector+category+state),https://verdetalent.com/browse/battery-storage-hr-talent-jobs-in-nevada.html,HR & Talent in Nevada - 3 jobs
162,Hub page (sector+category+state),https://verdetalent.com/browse/wind-construction-field-jobs-in-california.html,Construction & Field in California - 3 jobs
163,Hub page (sector+category+state),https://verdetalent.com/browse/wind-construction-field-jobs-in-oregon.html,Construction & Field in Oregon - 3 jobs
164,Hub page (sector+category+state),https://verdetalent.com/browse/wind-construction-field-jobs-in-pennsylvania.html,Construction & Field in Pennsylvania - 3 jobs
165,Hub page (sector+category+state),https://verdetalent.com/browse/wind-construction-field-jobs-in-washington.html,Construction & Field in Washington - 3 jobs
166,Hub page (sector+category+state),https://verdetalent.com/browse/wind-engineering-jobs-in-colorado.html,Engineering in Colorado - 3 jobs
167,Job posting,https://verdetalent.com/jobs/9a41959ae0c714105bf9.html,Wind Turbine Technician - Power at Avangrid Renewables
168,Job posting,https://verdetalent.com/jobs/1009f8c51b03bcd389c7.html,NDT Manager – Responsible Level III at Commonwealth Fusion Systems
169,Job posting,https://verdetalent.com/jobs/b35f37237928e246399b.html,R&D Engineer - High Voltage at Commonwealth Fusion Systems
170,Job posting,https://verdetalent.com/jobs/061f716f96d6966ad6f7.html,"Associate Engineer, Transmission Line Engineering at Eversource Energy"
171,Job posting,https://verdetalent.com/jobs/d8020d3e20fe3be14190.html,"Project Manager II, Transmission (Hybrid Schedule) at Eversource Energy"
172,Job posting,https://verdetalent.com/jobs/5640fdbebef8f3ba1bcb.html,Manufacturing Engineering Intern (Spring 2027) at First Solar
173,Job posting,https://verdetalent.com/jobs/f142c72ee94823e79c14.html,Manufacturing Engineering Intern (Spring 2027) at First Solar
174,Job posting,https://verdetalent.com/jobs/f2a0e2be0b7f3327b235.html,"Product Owner, Energy Trading Platform (Mosaic) at Fluence Energy"
175,Job posting,https://verdetalent.com/jobs/fab1cbe8743939b81c8b.html,Associate PGD Field Engineer - ROI Solar & BESS - East FL Region at NextEra Energy
176,Job posting,https://verdetalent.com/jobs/75d8592441569beadf1d.html,Associate PGD Field Engineer - ROI Solar & BESS - East FL Region at NextEra Energy
177,Job posting,https://verdetalent.com/jobs/f5c5ebf6e0061f2cc1ac.html,"Field Service Technician, Battery Storage at Redwood Materials"
178,Job posting,https://verdetalent.com/jobs/dd2a910107503badee16.html,Appointment Setter at Sunrun
179,Job posting,https://verdetalent.com/jobs/75deed4d979d89d1ef0b.html,Appointment Setter at Sunrun
180,Job posting,https://verdetalent.com/jobs/4d4d6e1c4aa361bf7520.html,Category Specialist Warehousing and Customs (m/f/d) at Vestas
181,Job posting,https://verdetalent.com/jobs/cf651ad0b50206c8f8e5.html,Commissioning Specialist at Vestas
182,Job posting,https://verdetalent.com/jobs/a41c104892a773ec9f9f.html,Substation Field Engineer (Senior or Principal) at Xcel Energy
183,Job posting,https://verdetalent.com/jobs/4fbca916e1b3cebeb52e.html,Plant Manager - Wind at Avangrid Renewables
184,Job posting,https://verdetalent.com/jobs/ae179d27f2299efd827b.html,Transmission Nuclear Switchyard Technician II or III at Duke Energy
185,Job posting,https://verdetalent.com/jobs/cd767f2018a016cd7477.html,Transmission Relay Tech II at Duke Energy
186,Job posting,https://verdetalent.com/jobs/4c545782054a3281a6ca.html,Controls/SCADA Engineer (m/w/d) at Fluence Energy
187,Job posting,https://verdetalent.com/jobs/fb7af2b6d333a86496fa.html,Wind Technician at Invenergy
188,Job posting,https://verdetalent.com/jobs/46112c5445639b53086c.html,"Account Manager, Business Development at Redwood Materials"
189,Job posting,https://verdetalent.com/jobs/211957a4f67827ab0750.html,"Grid Operations Engineer (Entry, Staff, Senior, or Principal) at Xcel Energy"
190,Job posting,https://verdetalent.com/jobs/b277471a744d57c5baa7.html,"Senior Director, Sales at Bloom Energy"
191,Job posting,https://verdetalent.com/jobs/b81aeb46256cb313579c.html,Wind Technician 1 at Invenergy
192,Job posting,https://verdetalent.com/jobs/7cfd33945d10b5eb0a83.html,Solar Technician II at AES Corporation
193,Job posting,https://verdetalent.com/jobs/18bb1ea5af8093936053.html,"Senior Director, Total Rewards & People Operations at Arcadia"
194,Job posting,https://verdetalent.com/jobs/f89fcd49bf7bc14c8e99.html,Senior Product Manager- Processing at Arcadia
195,Job posting,https://verdetalent.com/jobs/acc889e9df188aec6293.html,SCADA Commissioning Technician at Blattner Energy
196,Job posting,https://verdetalent.com/jobs/d0a9a5343e861a08e647.html,Principal Cloud Engineer at Bloom Energy
197,Job posting,https://verdetalent.com/jobs/e78207fd4795c01085b9.html,Transmission Planning Operations Engineer at AES Corporation
198,Job posting,https://verdetalent.com/jobs/9c6ea615250221099159.html,Environmental Health & Safety Engineer at ChargePoint
199,Job posting,https://verdetalent.com/jobs/616a7b5c5b92064c3c88.html,Sales Manager at ChargePoint
200,Job posting,https://verdetalent.com/jobs/99149a09622278a58d21.html,Accounts Payable Associate at Terawatt Infrastructure
